{
  "users": [
    {
      "alias": "123",
      "email": "q@a.com",
      "password": "1q2w3e4r",
      "createdAt": 1700857292466,
      "id": 1
    },
    {
      "alias": "1234",
      "email": "q@a.comc",
      "password": "1q2w3e4r",
      "createdAt": 1700857555108,
      "id": 2
    },
    {
      "alias": "fghjkl",
      "email": "w.e@d.com",
      "password": "1q2w3e4r",
      "createdAt": 1700858079726,
      "id": 3
    },
    {
      "alias": "artem",
      "email": "1q@v.com",
      "password": "1q2w3e4r",
      "createdAt": 1700858313118,
      "id": 4
    }
  ],
  "notes": []
}